{
  "tau_per_class": [
    0.040666282176971436,
    0.01381760835647583,
    0.03764301538467407,
    0.07021969556808472,
    0.01381760835647583,
    0.03272831439971924,
    0.003070056438446045,
    0.01381760835647583,
    0.01381760835647583,
    0.009652495384216309,
    0.009652495384216309,
    0.003070056438446045,
    0.009652495384216309,
    0.003070056438446045
  ],
  "cluster_map": [
    4,
    1,
    0,
    2,
    1,
    6,
    3,
    1,
    1,
    5,
    5,
    3,
    5,
    3
  ],
  "q_per_cluster": [
    0.9623569846153259,
    0.9861823916435242,
    0.9297803044319153,
    0.996929943561554,
    0.9593337178230286,
    0.9903475046157837,
    0.9672716856002808
  ],
  "q_global": 0.9777555465698242,
  "alpha": 0.1
}